{
  "prepare_queue": {
    "installed": [],
    "uninstalled": []
  },
  "config_munge": {
    "files": {
      "res/xml/config.xml": {
        "parents": {
          "/*": [
            {
              "xml": "<feature name=\"ActionSheet\"><param name=\"android-package\" value=\"nl.xservices.plugins.actionsheet.ActionSheet\" /></feature>",
              "count": 1
            },
            {
              "xml": "<feature name=\"alipay\"><param name=\"android-package\" value=\"cn.hhjjj.alipay.alipay\" /></feature>",
              "count": 1
            },
            {
              "xml": "<feature name=\"Battery\"><param name=\"android-package\" value=\"org.apache.cordova.batterystatus.BatteryListener\" /></feature>",
              "count": 1
            },
            {
              "xml": "<feature name=\"SpinnerPlugin\"><param name=\"android-package\" value=\"net.justin_credible.cordova.SpinnerPlugin\" /></feature>",
              "count": 1
            },
            {
              "xml": "<feature name=\"SplashScreen\"><param name=\"android-package\" value=\"org.apache.cordova.splashscreen.SplashScreen\" /><param name=\"onload\" value=\"true\" /></feature>",
              "count": 1
            },
            {
              "xml": "<feature name=\"StatusBar\"><param name=\"android-package\" value=\"org.apache.cordova.statusbar.StatusBar\" /><param name=\"onload\" value=\"true\" /></feature>",
              "count": 1
            },
            {
              "xml": "<feature name=\"Wechat\"><param name=\"android-package\" value=\"xu.li.cordova.wechat.Wechat\" /></feature>",
              "count": 1
            },
            {
              "xml": "<preference name=\"WECHATAPPID\" value=\"wxcf1c3c250e5e4d91\" />",
              "count": 1
            },
            {
              "xml": "<feature name=\"Whitelist\"><param name=\"android-package\" value=\"org.apache.cordova.whitelist.WhitelistPlugin\" /><param name=\"onload\" value=\"true\" /></feature>",
              "count": 1
            },
            {
              "xml": "<feature name=\"Toast\"><param name=\"android-package\" value=\"nl.xservices.plugins.Toast\" /></feature>",
              "count": 1
            }
          ]
        }
      },
      "AndroidManifest.xml": {
        "parents": {
          "/*": [
            {
              "xml": "<uses-permission android:name=\"android.permission.INTERNET\" />",
              "count": 2
            },
            {
              "xml": "<uses-permission android:name=\"android.permission.ACCESS_NETWORK_STATE\" />",
              "count": 2
            },
            {
              "xml": "<uses-permission android:name=\"android.permission.ACCESS_WIFI_STATE\" />",
              "count": 2
            },
            {
              "xml": "<uses-permission android:name=\"android.permission.READ_PHONE_STATE\" />",
              "count": 2
            },
            {
              "xml": "<uses-permission android:name=\"android.permission.WRITE_EXTERNAL_STORAGE\" />",
              "count": 2
            }
          ],
          "/manifest/application": [
            {
              "xml": "<activity android:configChanges=\"orientation|keyboardHidden|navigation|screenSize\" android:exported=\"false\" android:name=\"com.alipay.sdk.app.H5PayActivity\" android:screenOrientation=\"behind\" android:windowSoftInputMode=\"adjustResize|stateHidden\"></activity>",
              "count": 1
            },
            {
              "xml": "<activity android:configChanges=\"orientation|keyboardHidden|navigation\" android:exported=\"false\" android:name=\"com.alipay.sdk.app.H5AuthActivity\" android:screenOrientation=\"behind\" android:windowSoftInputMode=\"adjustResize|stateHidden\"></activity>",
              "count": 1
            },
            {
              "xml": "<activity android:exported=\"true\" android:label=\"@string/launcher_name\" android:launchMode=\"singleTask\" android:name=\".wxapi.WXEntryActivity\" android:taskAffinity=\"com.huijiwanjia.app\"><intent-filter><action android:name=\"android.intent.action.VIEW\" /><category android:name=\"android.intent.category.DEFAULT\" /><data android:scheme=\"wxcf1c3c250e5e4d91\" /></intent-filter></activity>",
              "count": 1
            },
            {
              "xml": "<activity android:exported=\"true\" android:label=\"@string/launcher_name\" android:launchMode=\"singleTop\" android:name=\".wxapi.WXPayEntryActivity\"><intent-filter><action android:name=\"android.intent.action.VIEW\" /><category android:name=\"android.intent.category.DEFAULT\" /><data android:scheme=\"wxcf1c3c250e5e4d91\" /></intent-filter></activity>",
              "count": 1
            }
          ],
          "/manifest": [
            {
              "xml": "<uses-permission android:name=\"android.permission.VIBRATE\" />",
              "count": 1
            }
          ]
        }
      }
    }
  },
  "installed_plugins": {
    "cordova-plugin-actionsheet": {
      "PACKAGE_NAME": "com.huijiwanjia.app"
    },
    "cordova-plugin-alipay-v2": {
      "APP_ID": "2019070465742601",
      "PACKAGE_NAME": "com.huijiwanjia.app"
    },
    "cordova-plugin-battery-status": {
      "PACKAGE_NAME": "com.huijiwanjia.app"
    },
    "cordova-plugin-spinner": {
      "PACKAGE_NAME": "com.huijiwanjia.app"
    },
    "cordova-plugin-splashscreen": {
      "PACKAGE_NAME": "com.huijiwanjia.app"
    },
    "cordova-plugin-statusbar": {
      "PACKAGE_NAME": "com.huijiwanjia.app"
    },
    "cordova-plugin-vibration": {
      "PACKAGE_NAME": "com.huijiwanjia.app"
    },
    "cordova-plugin-wechat": {
      "WECHATAPPID": "wxcf1c3c250e5e4d91",
      "PACKAGE_NAME": "com.huijiwanjia.app"
    },
    "cordova-plugin-whitelist": {
      "PACKAGE_NAME": "com.huijiwanjia.app"
    },
    "cordova-plugin-x-toast": {
      "PACKAGE_NAME": "com.huijiwanjia.app"
    }
  },
  "dependent_plugins": {},
  "modules": [
    {
      "id": "cordova-plugin-actionsheet.ActionSheet",
      "file": "plugins/cordova-plugin-actionsheet/www/ActionSheet.js",
      "pluginId": "cordova-plugin-actionsheet",
      "clobbers": [
        "window.plugins.actionsheet"
      ]
    },
    {
      "id": "cordova-plugin-alipay-v2.alipay",
      "file": "plugins/cordova-plugin-alipay-v2/www/alipay.js",
      "pluginId": "cordova-plugin-alipay-v2",
      "clobbers": [
        "cordova.plugins.alipay"
      ]
    },
    {
      "id": "cordova-plugin-battery-status.battery",
      "file": "plugins/cordova-plugin-battery-status/www/battery.js",
      "pluginId": "cordova-plugin-battery-status",
      "clobbers": [
        "navigator.battery"
      ]
    },
    {
      "id": "cordova-plugin-spinner.SpinnerPlugin",
      "file": "plugins/cordova-plugin-spinner/www/spinner-plugin.js",
      "pluginId": "cordova-plugin-spinner",
      "clobbers": [
        "SpinnerPlugin"
      ]
    },
    {
      "id": "cordova-plugin-splashscreen.SplashScreen",
      "file": "plugins/cordova-plugin-splashscreen/www/splashscreen.js",
      "pluginId": "cordova-plugin-splashscreen",
      "clobbers": [
        "navigator.splashscreen"
      ]
    },
    {
      "id": "cordova-plugin-statusbar.statusbar",
      "file": "plugins/cordova-plugin-statusbar/www/statusbar.js",
      "pluginId": "cordova-plugin-statusbar",
      "clobbers": [
        "window.StatusBar"
      ]
    },
    {
      "id": "cordova-plugin-wechat.Wechat",
      "file": "plugins/cordova-plugin-wechat/www/wechat.js",
      "pluginId": "cordova-plugin-wechat",
      "clobbers": [
        "Wechat"
      ]
    },
    {
      "id": "cordova-plugin-x-toast.Toast",
      "file": "plugins/cordova-plugin-x-toast/www/Toast.js",
      "pluginId": "cordova-plugin-x-toast",
      "clobbers": [
        "window.plugins.toast"
      ]
    }
  ],
  "plugin_metadata": {
    "cordova-plugin-actionsheet": "2.3.3",
    "cordova-plugin-alipay-v2": "0.0.3",
    "cordova-plugin-battery-status": "2.0.3",
    "cordova-plugin-spinner": "1.1.0",
    "cordova-plugin-splashscreen": "5.0.3",
    "cordova-plugin-statusbar": "2.4.3",
    "cordova-plugin-vibration": "3.1.1",
    "cordova-plugin-wechat": "2.9.0",
    "cordova-plugin-whitelist": "1.3.4",
    "cordova-plugin-x-toast": "2.7.2"
  }
}