{
    "prepare_queue": {
        "installed": [],
        "uninstalled": []
    },
    "config_munge": {
        "files": {}
    },
    "installed_plugins": {
        "cordova-plugin-actionsheet": {
            "PACKAGE_NAME": "com.huijiwanjia.app"
        },
        "cordova-plugin-alipay-v2": {
            "APP_ID": "2019070465742601",
            "PACKAGE_NAME": "com.huijiwanjia.app"
        },
        "cordova-plugin-battery-status": {
            "PACKAGE_NAME": "com.huijiwanjia.app"
        },
        "cordova-plugin-spinner": {
            "PACKAGE_NAME": "com.huijiwanjia.app"
        },
        "cordova-plugin-splashscreen": {
            "PACKAGE_NAME": "com.huijiwanjia.app"
        },
        "cordova-plugin-statusbar": {
            "PACKAGE_NAME": "com.huijiwanjia.app"
        },
        "cordova-plugin-vibration": {
            "PACKAGE_NAME": "com.huijiwanjia.app"
        },
        "cordova-plugin-wechat": {
            "WECHATAPPID": "wxcf1c3c250e5e4d91",
            "PACKAGE_NAME": "com.huijiwanjia.app"
        },
        "cordova-plugin-whitelist": {
            "PACKAGE_NAME": "com.huijiwanjia.app"
        },
        "cordova-plugin-x-toast": {
            "PACKAGE_NAME": "com.huijiwanjia.app"
        }
    },
    "dependent_plugins": {},
    "modules": [
        {
            "file": "plugins/cordova-plugin-actionsheet/www/ActionSheet.js",
            "id": "cordova-plugin-actionsheet.ActionSheet",
            "pluginId": "cordova-plugin-actionsheet",
            "clobbers": [
                "window.plugins.actionsheet"
            ]
        },
        {
            "file": "plugins/cordova-plugin-actionsheet/src/browser/ActionSheetProxy.js",
            "id": "cordova-plugin-actionsheet.ActionSheetProxy",
            "pluginId": "cordova-plugin-actionsheet",
            "merges": [
                ""
            ]
        },
        {
            "file": "plugins/cordova-plugin-alipay-v2/www/alipay.js",
            "id": "cordova-plugin-alipay-v2.alipay",
            "pluginId": "cordova-plugin-alipay-v2",
            "clobbers": [
                "cordova.plugins.alipay"
            ]
        },
        {
            "file": "plugins/cordova-plugin-battery-status/www/battery.js",
            "id": "cordova-plugin-battery-status.battery",
            "pluginId": "cordova-plugin-battery-status",
            "clobbers": [
                "navigator.battery"
            ]
        },
        {
            "file": "plugins/cordova-plugin-battery-status/src/browser/BatteryProxy.js",
            "id": "cordova-plugin-battery-status.Battery",
            "pluginId": "cordova-plugin-battery-status",
            "runs": true
        },
        {
            "file": "plugins/cordova-plugin-spinner/www/spinner-plugin.js",
            "id": "cordova-plugin-spinner.SpinnerPlugin",
            "pluginId": "cordova-plugin-spinner",
            "clobbers": [
                "SpinnerPlugin"
            ]
        },
        {
            "file": "plugins/cordova-plugin-splashscreen/www/splashscreen.js",
            "id": "cordova-plugin-splashscreen.SplashScreen",
            "pluginId": "cordova-plugin-splashscreen",
            "clobbers": [
                "navigator.splashscreen"
            ]
        },
        {
            "file": "plugins/cordova-plugin-splashscreen/src/browser/SplashScreenProxy.js",
            "id": "cordova-plugin-splashscreen.SplashScreenProxy",
            "pluginId": "cordova-plugin-splashscreen",
            "runs": true
        },
        {
            "file": "plugins/cordova-plugin-statusbar/www/statusbar.js",
            "id": "cordova-plugin-statusbar.statusbar",
            "pluginId": "cordova-plugin-statusbar",
            "clobbers": [
                "window.StatusBar"
            ]
        },
        {
            "file": "plugins/cordova-plugin-statusbar/src/browser/StatusBarProxy.js",
            "id": "cordova-plugin-statusbar.StatusBarProxy",
            "pluginId": "cordova-plugin-statusbar",
            "runs": true
        },
        {
            "file": "plugins/cordova-plugin-vibration/src/browser/Vibration.js",
            "id": "cordova-plugin-vibration.Vibration",
            "pluginId": "cordova-plugin-vibration",
            "merges": [
                "navigator"
            ]
        },
        {
            "file": "plugins/cordova-plugin-vibration/www/vibration.js",
            "id": "cordova-plugin-vibration.notification",
            "pluginId": "cordova-plugin-vibration",
            "merges": [
                "navigator"
            ]
        },
        {
            "file": "plugins/cordova-plugin-wechat/www/wechat.js",
            "id": "cordova-plugin-wechat.Wechat",
            "pluginId": "cordova-plugin-wechat",
            "clobbers": [
                "Wechat"
            ]
        },
        {
            "file": "plugins/cordova-plugin-x-toast/www/Toast.js",
            "id": "cordova-plugin-x-toast.Toast",
            "pluginId": "cordova-plugin-x-toast",
            "clobbers": [
                "window.plugins.toast"
            ]
        }
    ],
    "plugin_metadata": {
        "cordova-plugin-actionsheet": "2.3.3",
        "cordova-plugin-alipay-v2": "0.0.3",
        "cordova-plugin-battery-status": "2.0.3",
        "cordova-plugin-spinner": "1.1.0",
        "cordova-plugin-splashscreen": "5.0.3",
        "cordova-plugin-statusbar": "2.4.3",
        "cordova-plugin-vibration": "3.1.1",
        "cordova-plugin-wechat": "2.9.0",
        "cordova-plugin-whitelist": "1.3.4",
        "cordova-plugin-x-toast": "2.7.2"
    }
}